{"cameraMode":{"drawMode":0,"name":"Shaded","section":"Shading Mode"},"sceneLighting":false,"audioPlay":false,"sceneViewState":{"showFog":true,"showMaterialUpdate":false,"showSkybox":false,"showFlares":true,"showImageEffects":true,"showParticleSystems":true},"in2DMode":false,"pivot":{"x":0.0,"y":5.100000381469727,"z":46.66999816894531},"rotation":{"x":0.00008515212539350614,"y":-0.9530077576637268,"z":0.3029748201370239,"w":0.0002792234590742737},"size":62.42572021484375,"orthographic":false}