{"cameraMode":{"drawMode":0,"name":"Shaded","section":"Shading Mode"},"sceneLighting":true,"audioPlay":false,"sceneViewState":{"showFog":true,"showMaterialUpdate":false,"showSkybox":true,"showFlares":true,"showImageEffects":true,"showParticleSystems":true},"in2DMode":false,"pivot":{"x":-80.11962890625,"y":-16.168670654296876,"z":21.27386474609375},"rotation":{"x":-0.13180044293403626,"y":0.7368178963661194,"z":-0.15036533772945405,"w":-0.6458470225334168},"size":320.45513916015627,"orthographic":false}