{"cameraMode":{"drawMode":0,"name":"Shaded","section":"Shading Mode"},"sceneLighting":true,"audioPlay":false,"sceneViewState":{"showFog":true,"showMaterialUpdate":false,"showSkybox":true,"showFlares":true,"showImageEffects":true,"showParticleSystems":true},"in2DMode":false,"pivot":{"x":49.195152282714847,"y":22.154998779296876,"z":-170.6783447265625},"rotation":{"x":0.0027779238298535349,"y":0.9953339695930481,"z":-0.091638945043087,"w":0.030168753117322923},"size":323.55389404296877,"orthographic":false}